feature,impact,baseline_probability,counterfactual_probability
Probability_of_Failure_PoF_roll_std_12,2.1546880498712895e-06,0.9999999979583949,0.999997843270345
Probability_of_Failure_PoF_ewm_12,1.857518588166407e-06,0.9999999979583949,0.9999981404398067
Bridge_Mood_Meter,5.91545853634301e-07,0.9999999979583949,0.9999994064125413
Structural_Health_Index_SHI_roll_mean_6,9.618477359030209e-08,0.9999999979583949,0.9999999017736213
Probability_of_Failure_PoF_roll_mean_6,2.6148120002567055e-08,0.9999999979583949,0.9999999718102749
Estimated_Repair_Cost_USD_incremental,1.7796778495338117e-08,0.9999999979583949,0.9999999801616164
Strain_microstrain_roll_mean_6,1.5316116708241623e-08,0.9999999979583949,0.9999999826422782
Probability_of_Failure_PoF,1.416695494249609e-08,0.9999999979583949,0.99999998379144
