feature,impact,baseline_probability,counterfactual_probability
Probability_of_Failure_PoF_roll_std_12,2.0492350132350623e-06,0.9999999979050769,0.9999979486700636
Probability_of_Failure_PoF_ewm_12,1.8211922750976939e-06,0.9999999979050769,0.9999981767128018
Bridge_Mood_Meter,5.687098566520277e-07,0.9999999979050769,0.9999994291952202
Structural_Health_Index_SHI_roll_mean_6,9.371232090327197e-08,0.9999999979050769,0.999999904192756
Probability_of_Failure_PoF_roll_mean_6,2.949151267639394e-08,0.9999999979050769,0.9999999684135642
Estimated_Repair_Cost_USD_incremental,1.796774284912317e-08,0.9999999979050769,0.999999979937334
Strain_microstrain_roll_mean_6,1.4668759651392804e-08,0.9999999979050769,0.9999999832363172
Probability_of_Failure_PoF,1.2393172266200736e-08,0.9999999979050769,0.9999999855119046
