feature,impact,baseline_probability,counterfactual_probability
Probability_of_Failure_PoF_roll_std_12,2.2158252754866936e-06,0.9999999979584366,0.9999977821331612
Probability_of_Failure_PoF_ewm_12,8.971613715269555e-07,0.9999999979584366,0.9999991007970651
Bridge_Mood_Meter,1.1731061499986595e-07,0.9999999979584366,0.9999998806478216
Structural_Health_Index_SHI_roll_mean_6,9.107306730982145e-08,0.9999999979584366,0.9999999068853693
Probability_of_Failure_PoF_roll_mean_6,2.761661743733157e-08,0.9999999979584366,0.9999999703418192
Strain_microstrain_roll_mean_6,1.6326957452683644e-08,0.9999999979584366,0.9999999816314792
Estimated_Repair_Cost_USD_incremental,1.5111387141608645e-08,0.9999999979584366,0.9999999828470495
Probability_of_Failure_PoF,1.1475703276531135e-08,0.9999999979584366,0.9999999864827334
