feature,impact,baseline_probability,counterfactual_probability
Probability_of_Failure_PoF_roll_std_12,2.1077104412903225e-06,0.9999999979051193,0.999997890194678
Probability_of_Failure_PoF_ewm_12,8.833448696954349e-07,0.9999999979051193,0.9999991145602496
Bridge_Mood_Meter,1.1268806210384952e-07,0.9999999979051193,0.9999998852170572
Structural_Health_Index_SHI_roll_mean_6,9.105005238652097e-08,0.9999999979051193,0.9999999068550669
Probability_of_Failure_PoF_roll_mean_6,2.9489934161297526e-08,0.9999999979051193,0.9999999684151851
Strain_microstrain_roll_mean_6,1.563609053345516e-08,0.9999999979051193,0.9999999822690288
Estimated_Repair_Cost_USD_incremental,1.5294789990072388e-08,0.9999999979051193,0.9999999826103293
Probability_of_Failure_PoF,1.0313736198419576e-08,0.9999999979051193,0.9999999875913831
