feature,impact,baseline_probability,counterfactual_probability
Probability_of_Failure_PoF_roll_std_12,2.037239763108545e-06,0.9999999979584333,0.9999979607186702
Bridge_Mood_Meter,4.512366019726599e-07,0.9999999979584333,0.9999995467218313
Probability_of_Failure_PoF_ewm_12,2.3130272897020632e-07,0.9999999979584333,0.9999997666557043
Structural_Health_Index_SHI_roll_mean_6,8.668604911665767e-08,0.9999999979584333,0.9999999112723842
Probability_of_Failure_PoF_roll_mean_6,2.5510175638565613e-08,0.9999999979584333,0.9999999724482577
Strain_microstrain_roll_mean_6,1.447160946632664e-08,0.9999999979584333,0.9999999834868238
Probability_of_Failure_PoF,1.033831031893584e-08,0.9999999979584333,0.999999987620123
Estimated_Repair_Cost_USD_incremental,7.326052320344445e-09,0.9999999979584333,0.999999990632381
