feature,impact,baseline_probability,counterfactual_probability
Probability_of_Failure_PoF_roll_std_12,1.9369283520420666e-06,0.9999999979051157,0.9999980609767637
Bridge_Mood_Meter,4.3374983038635406e-07,0.9999999979051157,0.9999995641552853
Probability_of_Failure_PoF_ewm_12,2.2991139603245614e-07,0.9999999979051157,0.9999997679937197
Structural_Health_Index_SHI_roll_mean_6,8.673141216331004e-08,0.9999999979051157,0.9999999111737036
Probability_of_Failure_PoF_roll_mean_6,2.7275833813789063e-08,0.9999999979051157,0.9999999706292819
Strain_microstrain_roll_mean_6,1.3853002744923515e-08,0.9999999979051157,0.999999984052113
Probability_of_Failure_PoF,8.995823530533187e-09,0.9999999979051157,0.9999999889092922
Estimated_Repair_Cost_USD_incremental,7.677691704621736e-09,0.9999999979051157,0.999999990227424
