feature,impact,baseline_probability,counterfactual_probability
Probability_of_Failure_PoF_roll_std_12,2.41009582846452e-06,0.9999999979584351,0.9999975878626066
Probability_of_Failure_PoF_ewm_12,8.927630688049248e-07,0.9999999979584351,0.9999991051953663
Bridge_Mood_Meter,1.4057358110886042e-07,0.9999999979584351,0.999999857384854
Structural_Health_Index_SHI_roll_mean_6,9.870966100056222e-08,0.9999999979584351,0.9999998992487741
Probability_of_Failure_PoF_roll_mean_6,2.687238631615685e-08,0.9999999979584351,0.9999999710860488
Estimated_Repair_Cost_USD_incremental,2.0786990018173412e-08,0.9999999979584351,0.9999999771714451
Strain_microstrain_roll_mean_6,1.6704589600458064e-08,0.9999999979584351,0.9999999812538455
Probability_of_Failure_PoF,8.81217843140547e-09,0.9999999979584351,0.9999999891462567
