feature,impact,baseline_probability,counterfactual_probability
Probability_of_Failure_PoF_roll_std_12,2.293577889278531e-06,0.9999999979051177,0.9999977043272285
Probability_of_Failure_PoF_ewm_12,8.790436146766112e-07,0.9999999979051177,0.9999991188615031
Bridge_Mood_Meter,1.4193775210724624e-07,0.9999999979051177,0.9999998559673656
Structural_Health_Index_SHI_roll_mean_6,9.615435414556117e-08,0.9999999979051177,0.9999999017507636
Probability_of_Failure_PoF_roll_mean_6,2.793735420780763e-08,0.9999999979051177,0.9999999699677635
Estimated_Repair_Cost_USD_incremental,2.2188802684119935e-08,0.9999999979051177,0.999999975716315
Strain_microstrain_roll_mean_6,1.600490906472629e-08,0.9999999979051177,0.9999999819002087
Probability_of_Failure_PoF,7.619546438242253e-09,0.9999999979051177,0.9999999902855713
