feature,impact,baseline_probability,counterfactual_probability
Probability_of_Failure_PoF_roll_std_12,2.7688777346490667e-06,0.9999999979050889,0.9999972290273542
Probability_of_Failure_PoF_ewm_12,2.0607598272270877e-07,0.9999999979050889,0.9999997918291061
Bridge_Mood_Meter,1.696291196395805e-07,0.9999999979050889,0.9999998282759692
Structural_Health_Index_SHI_roll_mean_6,8.413950747243604e-08,0.9999999979050889,0.9999999137655814
Probability_of_Failure_PoF,4.976443190862767e-08,0.9999999979050889,0.999999948140657
Probability_of_Failure_PoF_roll_mean_6,2.349607375329299e-08,0.9999999979050889,0.9999999744090151
Strain_microstrain_roll_mean_6,1.5643340289805963e-08,0.9999999979050889,0.9999999822617486
Estimated_Repair_Cost_USD_incremental,9.897451413998226e-09,0.9999999979050889,0.9999999880076375
