feature,impact,baseline_probability,counterfactual_probability
Probability_of_Failure_PoF_roll_std_12,2.909550895768831e-06,0.9999999979584067,0.9999970884075109
Probability_of_Failure_PoF_ewm_12,2.074576691546426e-07,0.9999999979584067,0.9999997905007375
Bridge_Mood_Meter,1.6287118242974685e-07,0.9999999979584067,0.9999998350872242
Structural_Health_Index_SHI_roll_mean_6,8.856695132841708e-08,0.9999999979584067,0.9999999093914553
Probability_of_Failure_PoF,5.466815722332541e-08,0.9999999979584067,0.9999999432902494
Probability_of_Failure_PoF_roll_mean_6,2.3226405021503638e-08,0.9999999979584067,0.9999999747320016
Strain_microstrain_roll_mean_6,1.6334406827134273e-08,0.9999999979584067,0.9999999816239998
Estimated_Repair_Cost_USD_incremental,9.764155595171076e-09,0.9999999979584067,0.9999999881942511
