feature,impact,baseline_probability,counterfactual_probability
Probability_of_Failure_PoF_roll_std_12,2.2156188097532947e-06,0.9999999979584289,0.9999977823396191
Probability_of_Failure_PoF_ewm_12,1.44559478609807e-06,0.9999999979584289,0.9999985523636428
Bridge_Mood_Meter,6.634825070461758e-07,0.9999999979584289,0.9999993344759218
Structural_Health_Index_SHI_roll_mean_6,1.0450834087016858e-07,0.9999999979584289,0.999999893450088
Probability_of_Failure_PoF_roll_mean_6,2.8536004670343118e-08,0.9999999979584289,0.9999999694224242
Probability_of_Failure_PoF,1.7379209293899578e-08,0.9999999979584289,0.9999999805792196
Strain_microstrain_roll_mean_6,1.6367255439853068e-08,0.9999999979584289,0.9999999815911734
Estimated_Repair_Cost_USD_incremental,1.379924463584814e-08,0.9999999979584289,0.9999999841591842
